entity_id,TYPE,debit,credit,amount,currency,fee,tax,on_hold,settled,created_at,settled_at,settlement_id,description,notes,payment_id,settlement_utr,order_id,order_receipt,method,issuer_name,card_network,card_issuer,card_type,dispute_id
pay_DPWqGFjYFtkFe4,payment,0.00,4000.00,4000.00,INR,94.40,14.40,0,0,"03-10-2019 13:48:13","07-10-2019 10:00:00",,#inv_DPWn9SoIogmaSS,{},DPWqGFjYFtkFe4,,DPWn9Uq63mDBRj,12,card,RATN,MasterCard,RATN,credit,
pay_DPXNkUVR7I94o4,payment,0.00,4000.00,4000.00,INR,94.40,14.40,0,0,"03-10-2019 14:19:50","07-10-2019 10:00:00",,#inv_DPXIyorXtATCrF,{},DPXNkUVR7I94o4,,DPXIyrUTJDRYsh,343,card,RATN,MasterCard,RATN,credit,
pay_DPbISbJGwQCXry,payment,0.00,4000.00,4000.00,INR,94.40,14.40,0,0,"03-10-2019 18:09:36","07-10-2019 10:00:00",,#inv_DPY5CIw9ebjtkW,{},DPbISbJGwQCXry,,DPY5CLixSQ07jx,,netbanking,UTIB,,,,
pay_DPerdSkiPQh5tH,payment,0.00,4000.00,4000.00,INR,94.40,14.40,0,0,"03-10-2019 21:39:04","07-10-2019 10:00:00",,#inv_DPXCqZmg4Be6qJ,{},DPerdSkiPQh5tH,,DPXCqcEik2WS7p,,card,UTIB,Visa,UTIB,debit,
pay_DPf6Ul70zaoBvH,payment,0.00,4000.00,4000.00,INR,141.60,21.60,0,0,"03-10-2019 21:53:03","07-10-2019 10:00:00",,#inv_DPewiI9hGJW0wf,{},DPf6Ul70zaoBvH,,DPewiK9axe6t8x,354,emi,HDFC,Visa,HDFC,credit,
pay_DPhe6WKV6FnK0o,payment,0.00,4000.00,4000.00,INR,94.40,14.40,0,0,"04-10-2019 00:22:15","09-10-2019 10:00:00",,#inv_DPhcbVNoDDuOak,{},DPhe6WKV6FnK0o,,DPhcbXbHTpwOYu,675,upi,,,,,
pay_DPqR1JEorqSHG5,payment,0.00,4000.00,4000.00,INR,141.60,21.60,0,0,"04-10-2019 08:58:07","09-10-2019 10:00:00",,#inv_DPfAgNgoqfihnI,{},DPqR1JEorqSHG5,,DPfAgQAfMQ0dBG,,emi,ICIC,Visa,ICIC,credit,
pay_DQ14tTtA3bU613,payment,0.00,2000.00,2000.00,INR,40.00,0.00,0,0,"04-10-2019 19:22:52","09-10-2019 10:00:00",,#inv_DPYHeVSxgw8Bkp,{},DQ14tTtA3bU613,,DPYHeXsWouKE8L,4235235,card,CITI,Visa,CITI,credit,
pay_DQ54YIJN4ZBVn8,payment,0.00,4000.00,4000.00,INR,141.60,21.60,0,0,"04-10-2019 23:17:14","09-10-2019 10:00:00",,#inv_DPhbTb9kgFEyAg,{},DQ54YIJN4ZBVn8,,DPhbTdbEHXtyIw,455,emi,SCBL,Visa,SCBL,credit,
pay_DQIK3s5MX6Jq0Y,payment,0.00,4000.00,4000.00,INR,94.40,14.40,0,0,"05-10-2019 12:14:56","10-10-2019 10:00:00",,#inv_DPdPGeWqPuvtjs,{},DQIK3s5MX6Jq0Y,,DPdPGgdvjvqgAL,121,netbanking,HDFC,,,,
pay_DQJ2tF3EpYTz9X,payment,0.00,4000.00,4000.00,INR,94.40,14.40,0,0,"05-10-2019 12:57:27","10-10-2019 10:00:00",,#inv_DPZJJPqTvMxttK,{},DQJ2tF3EpYTz9X,,DPZJJRpIFbO0T4,,card,HDFC,MasterCard,HDFC,debit,
pay_DQM2bA4JvSqVN5,payment,0.00,3000.00,3000.00,INR,70.80,10.80,0,0,"05-10-2019 15:53:11","10-10-2019 10:00:00",,#inv_DQLqxrBjSm0I3i,{},DQM2bA4JvSqVN5,,DQLqxrnmr243fd,232,card,CITI,Visa,CITI,credit,
pay_DQMfM7q4HJUsr7,payment,0.00,4000.00,4000.00,INR,94.40,14.40,0,0,"05-10-2019 16:29:52","10-10-2019 10:00:00",,#inv_DQMdwDUskH8brf,{},DQMfM7q4HJUsr7,,DQMdwGDSFESl8N,,upi,,,,,
pay_DQN4j77UCdigEm,payment,0.00,2000.00,2000.00,INR,47.20,7.20,0,0,"05-10-2019 16:53:53","10-10-2019 10:00:00",,#inv_DPgRyOIxFJSSyP,{},DQN4j77UCdigEm,,DPgRyQcWIXq6Bx,,upi,,,,,
pay_DQNYdR7RRDwVSc,payment,0.00,3000.00,3000.00,INR,70.80,10.80,0,0,"05-10-2019 17:22:12","10-10-2019 10:00:00",,#inv_DQNX5MEMS52OGi,{},DQNYdR7RRDwVSc,,DQNX5Ms9V74gjm,,card,HDFC,Visa,HDFC,debit,
pay_DQNwvo8l7X25ly,payment,0.00,3000.00,3000.00,INR,70.80,10.80,0,0,"05-10-2019 17:45:12","10-10-2019 10:00:00",,#inv_DQNvPVrdxbSdKL,{},DQNwvo8l7X25ly,,DQNvPYAtDH9U3e,6565,upi,,,,,
pay_DQO6cHrampantv,payment,0.00,3000.00,3000.00,INR,106.20,16.20,0,0,"05-10-2019 17:54:22","10-10-2019 10:00:00",,#inv_DQO3d1pUlpw8jK,{},DQO6cHrampantv,,DQO3d40Tm6YWB3,1213,emi,ICIC,Visa,ICIC,credit,
pay_DQOMxOYHgaBpct,payment,0.00,3000.00,3000.00,INR,70.80,10.80,0,0,"05-10-2019 18:09:50","10-10-2019 10:00:00",,#inv_DQOIH6odWc6ZmV,{},DQOMxOYHgaBpct,,DQOIH9aQUcbJFT,6,netbanking,HDFC,,,,
pay_DQOUNuxKQApmlS,payment,0.00,3000.00,3000.00,INR,70.80,10.80,0,0,"05-10-2019 18:16:52","10-10-2019 10:00:00",,#inv_DQORBd0RYOuaIB,{},DQOUNuxKQApmlS,,DQORBfnoA0csaF,,card,UTIB,RuPay,UTIB,debit,
pay_DQOcAn6ESfh300,payment,0.00,3000.00,3000.00,INR,70.80,10.80,0,0,"05-10-2019 18:24:15","10-10-2019 10:00:00",,#inv_DQOWwLE0RRkpaP,{},DQOcAn6ESfh300,,DQOWwNiFwKTKad,,upi,,,,,
pay_DQOfqYIdJD9u82,payment,0.00,3000.00,3000.00,INR,70.80,10.80,0,0,"05-10-2019 18:27:43","10-10-2019 10:00:00",,#inv_DQObK5KtLKYcHv,{},DQOfqYIdJD9u82,,DQObK7NRkMs83X,,upi,,,,,
pay_DQOgYaV8z1cDRe,payment,0.00,3000.00,3000.00,INR,70.80,10.80,0,0,"05-10-2019 18:28:24","10-10-2019 10:00:00",,#inv_DQO9f8Zri5mIRN,{},DQOgYaV8z1cDRe,,DQO9fAuKcOsYMZ,,upi,,,,,
pay_DQOn49s8WNEsQ9,payment,0.00,3000.00,3000.00,INR,70.80,10.80,0,0,"05-10-2019 18:34:43","10-10-2019 10:00:00",,#inv_DQO8d4pAEpaOis,{},DQOn49s8WNEsQ9,,DQO8d6pcVKgv3r,,card,DBSS,Visa,DBSS,debit,
pay_DQOsRAfPlZwIgG,payment,0.00,3000.00,3000.00,INR,70.80,10.80,0,0,"05-10-2019 18:39:38","10-10-2019 10:00:00",,#inv_DQOnyD0TvktXru,{},DQOsRAfPlZwIgG,,DQOnyFqF3p1jdi,,netbanking,ICIC,,,,
pay_DQOzFKvDMUBBK6,payment,0.00,3000.00,3000.00,INR,70.80,10.80,0,0,"05-10-2019 18:46:05","10-10-2019 10:00:00",,#inv_DQOwJ9ENjwTwMv,{},DQOzFKvDMUBBK6,,DQOwJBOoTyoFD7,,card,UTIB,Visa,UTIB,debit,
pay_DQOz3D00CD1SR8,payment,0.00,3000.00,3000.00,INR,70.80,10.80,0,0,"05-10-2019 18:45:54","10-10-2019 10:00:00",,#inv_DQOic1dDLEhOUm,{},DQOz3D00CD1SR8,,DQOic461ikPR3B,4323,netbanking,ICIC,,,,
pay_DQP6neRyE80iFg,payment,0.00,3000.00,3000.00,INR,70.80,10.80,0,0,"05-10-2019 18:53:14","10-10-2019 10:00:00",,#inv_DQP58NuZzN0aD5,{},DQP6neRyE80iFg,,DQP58QNWyBbSTl,,upi,,,,,
pay_DQPCCtkuR7F3jT,payment,0.00,3000.00,3000.00,INR,70.80,10.80,0,0,"05-10-2019 18:58:21","10-10-2019 10:00:00",,#inv_DQOwxzuh2ivIme,{},DQPCCtkuR7F3jT,,DQOwy2OacRaPZZ,7878,card,HSBC,Visa,HSBC,credit,
pay_DQPE1HRuD6cObN,payment,0.00,3000.00,3000.00,INR,70.80,10.80,0,0,"05-10-2019 19:00:04","10-10-2019 10:00:00",,#inv_DQP3zPFQOUWurj,{},DQPE1HRuD6cObN,,DQP3zRM2SQYmIC,66,upi,,,,,
pay_DQPGFePY3dq7Lc,payment,0.00,1000.00,1000.00,INR,20.00,0.00,0,0,"05-10-2019 19:02:21","10-10-2019 10:00:00",,#inv_DQPBWkKdwcSi2b,{},DQPGFePY3dq7Lc,,DQPBWmyFs2KdUR,,card,SBIN,MasterCard,SBIN,debit,
pay_DQPPWzZhzSfpSu,payment,0.00,3000.00,3000.00,INR,70.80,10.80,0,0,"05-10-2019 19:10:58","10-10-2019 10:00:00",,#inv_DQPL0ESyEKTZhO,{},DQPPWzZhzSfpSu,,DQPL0GXtlRZ8Ph,,card,HDFC,MasterCard,HDFC,debit,
pay_DQPW9qJQiuv7wQ,payment,0.00,3000.00,3000.00,INR,70.80,10.80,0,0,"05-10-2019 19:17:15","10-10-2019 10:00:00",,#inv_DQNktrO0QH0P3t,{},DQPW9qJQiuv7wQ,,DQNkttoA6s2D8W,1212,card,ANDB,RuPay,ANDB,credit,
pay_DQPYL5CK2KLbNi,payment,0.00,3000.00,3000.00,INR,70.80,10.80,0,0,"05-10-2019 19:19:18","10-10-2019 10:00:00",,#inv_DQPWsy5lfT0mFj,{},DQPYL5CK2KLbNi,,DQPWt1Th9cDDPg,,wallet,freecharge,,,,
pay_DQPbvpKINavnDf,payment,0.00,3000.00,3000.00,INR,70.80,10.80,0,0,"05-10-2019 19:22:42","10-10-2019 10:00:00",,#inv_DQOnGEWXGD8ezK,{},DQPbvpKINavnDf,,DQOnGH8lwtgHUb,,upi,,,,,
pay_DQPm8tMQ5YvXdp,payment,0.00,3000.00,3000.00,INR,70.80,10.80,0,0,"05-10-2019 19:32:23","10-10-2019 10:00:00",,#inv_DQPk3Ctc1YVrqg,{},DQPm8tMQ5YvXdp,,DQPk3FvzFu3hnF,,card,KKBK,Visa,KKBK,credit,
pay_DQPoMByNgwqUa3,payment,0.00,3000.00,3000.00,INR,70.80,10.80,0,0,"05-10-2019 19:34:28","10-10-2019 10:00:00",,#inv_DQPfnEaHgRBUjW,{},DQPoMByNgwqUa3,,DQPfnGQnTUUvp9,,upi,,,,,
pay_DQPqISMpxSDzKJ,payment,0.00,3000.00,3000.00,INR,70.80,10.80,0,0,"05-10-2019 19:36:18","10-10-2019 10:00:00",,#inv_DQPovSzzHDrj3N,{},DQPqISMpxSDzKJ,,DQPovVOjG4NTBr,,upi,,,,,
pay_DQQ4BbCIZ9whhr,payment,0.00,3000.00,3000.00,INR,70.80,10.80,0,0,"05-10-2019 19:49:27","10-10-2019 10:00:00",,#inv_DQPvGME4UsEPFF,{},DQQ4BbCIZ9whhr,,DQPvGOnYdsuFKU,,card,CITI,MasterCard,CITI,debit,
pay_DQQI9kmIKrr9Ig,payment,0.00,3000.00,3000.00,INR,70.80,10.80,0,0,"05-10-2019 20:02:41","10-10-2019 10:00:00",,#inv_DQQ3101nnrIg79,{},DQQI9kmIKrr9Ig,,DQQ312TT20tX1C,,upi,,,,,
pay_DQQYD6JNQ3K3MT,payment,0.00,4000.00,4000.00,INR,94.40,14.40,0,0,"05-10-2019 20:17:53","10-10-2019 10:00:00",,#inv_DPeENaYthi0fqK,{},DQQYD6JNQ3K3MT,,DPeENdFZmN89mK,3456,netbanking,HDFC,,,,
pay_DQQYAsRsdsILUc,payment,0.00,3000.00,3000.00,INR,70.80,10.80,0,0,"05-10-2019 20:17:51","10-10-2019 10:00:00",,#inv_DQQVQBK1zDa2Df,{},DQQYAsRsdsILUc,,DQQVQE8HOeLpdC,3535434,netbanking,ICIC,,,,
pay_DQQYvzWT1M6wmJ,payment,0.00,3000.00,3000.00,INR,70.80,10.80,0,0,"05-10-2019 20:18:34","10-10-2019 10:00:00",,#inv_DQQRfEC8Lf5YER,{},DQQYvzWT1M6wmJ,,DQQRfH4an5kXkL,,upi,,,,,
pay_DQQo3uO8we6r34,payment,0.00,3000.00,3000.00,INR,70.80,10.80,0,0,"05-10-2019 20:32:53","10-10-2019 10:00:00",,#inv_DQQCIISA6zdPOx,{},DQQo3uO8we6r34,,DQQCILOnx6XXdh,,upi,,,,,
pay_DQQnoyaF9H9wdX,payment,0.00,3000.00,3000.00,INR,70.80,10.80,0,0,"05-10-2019 20:32:39","10-10-2019 10:00:00",,#inv_DQQbSOuHLA6gD4,{},DQQnoyaF9H9wdX,,DQQbSQlzp3zESg,,upi,,,,,
pay_DQQrkrVBozl3hl,payment,0.00,3000.00,3000.00,INR,70.80,10.80,0,0,"05-10-2019 20:36:23","10-10-2019 10:00:00",,#inv_DQQer778xsmeu5,{},DQQrkrVBozl3hl,,DQQer9ap92uZIF,,card,HDFC,MasterCard,HDFC,debit,
pay_DQRATK1fK9KJPW,payment,0.00,3000.00,3000.00,INR,70.80,10.80,0,0,"05-10-2019 20:54:06","10-10-2019 10:00:00",,#inv_DQQwWwmKIPRAM1,{},DQRATK1fK9KJPW,,DQQwWzju1gZgy6,,netbanking,HDFC,,,,
pay_DQRGgVnja3dpnY,payment,0.00,3000.00,3000.00,INR,70.80,10.80,0,0,"05-10-2019 20:59:59","10-10-2019 10:00:00",,#inv_DQRDmElhYBidt4,{},DQRGgVnja3dpnY,,DQRDmGvADY8GOc,,card,HDFC,MasterCard,HDFC,credit,
pay_DQRJ3ofCoKepPh,payment,0.00,4000.00,4000.00,INR,94.40,14.40,0,0,"05-10-2019 21:02:14","10-10-2019 10:00:00",,#inv_DPaOvpC9lnvRez,{},DQRJ3ofCoKepPh,,DPaOvrLKhdAZ8y,,netbanking,SBIN,,,,
pay_DQRNTBehNvaN6W,payment,0.00,3000.00,3000.00,INR,106.20,16.20,0,0,"05-10-2019 21:06:30","16-10-2019 00:00:00",,#inv_DQQU9dVOQ3ywV3,{},DQRNTBehNvaN6W,,DQQU9gX7PJ6Ai1,45345,card,,Visa,,debit,
pay_DQRPPHgiITvC5g,payment,0.00,3000.00,3000.00,INR,70.80,10.80,0,0,"05-10-2019 21:08:15","10-10-2019 10:00:00",,#inv_DQR7Yq1aQ3z0vz,{},DQRPPHgiITvC5g,,DQR7YsuSlU0rOf,,card,IDFB,Visa,IDFB,debit,
pay_DQRcZ4NMCdpvUa,payment,0.00,1500.00,1500.00,INR,35.40,5.40,0,0,"05-10-2019 21:20:42","10-10-2019 10:00:00",,#inv_DQRbGSMVeHiRgW,{},DQRcZ4NMCdpvUa,,DQRbGTHSdjhuCb,,upi,,,,,
pay_DQS4Dt35G6q6TQ,payment,0.00,3000.00,3000.00,INR,70.80,10.80,0,0,"05-10-2019 21:46:53","10-10-2019 10:00:00",,#inv_DQRIgl5bUG82sP,{},DQS4Dt35G6q6TQ,,DQRIgnbvoNHMca,,netbanking,HDFC,,,,
pay_DQSDRNZ2oTJ79a,payment,0.00,3000.00,3000.00,INR,70.80,10.80,0,0,"05-10-2019 21:55:36","10-10-2019 10:00:00",,#inv_DQQZER4Zr0WFLC,{},DQSDRNZ2oTJ79a,,DQQZEU0KV6WaoI,,netbanking,ICIC,,,,
pay_DQSVFIMzgAxG5h,payment,0.00,3000.00,3000.00,INR,70.80,10.80,0,0,"05-10-2019 22:12:28","10-10-2019 10:00:00",,#inv_DQOPyPgCWJH122,{},DQSVFIMzgAxG5h,,DQOPySK2L7JUzf,7567,card,ICIC,Visa,ICIC,debit,
pay_DQVDuWivSymyeR,payment,0.00,1500.00,1500.00,INR,30.00,0.00,0,0,"06-10-2019 00:52:08","10-10-2019 10:00:00",,#inv_DQV9r8LaVxddrJ,{},DQVDuWivSymyeR,,DQV9r9KaT1nK0E,,card,LAVB,RuPay,LAVB,debit,
pay_DQcYmSpL2vYrhN,payment,0.00,1000.00,1000.00,INR,23.60,3.60,0,0,"06-10-2019 08:02:44","10-10-2019 10:00:00",,#inv_DQPj7msPCcChxQ,{},DQcYmSpL2vYrhN,,DQPj7q8zIPCUuu,,upi,,,,,
pay_DQcwi0em9XQXUs,payment,0.00,3000.00,3000.00,INR,70.80,10.80,0,0,"06-10-2019 08:25:24","10-10-2019 10:00:00",,#inv_DQPHsfN1sR6N1r,{},DQcwi0em9XQXUs,,DQPHshaenLP96o,,upi,,,,,
pay_DQfCm7IpbQTO1y,payment,0.00,4000.00,4000.00,INR,94.40,14.40,0,0,"06-10-2019 10:37:59","10-10-2019 10:00:00",,#inv_DPexqF8jEHZj4L,{},DQfCm7IpbQTO1y,,DPexqHs4tjnO43,478,upi,,,,,
pay_DQfMbL8lhwaklH,payment,0.00,3000.00,3000.00,INR,70.80,10.80,0,0,"06-10-2019 10:47:18","10-10-2019 10:00:00",,#inv_DQR3bwxSpyWQFK,{},DQfMbL8lhwaklH,,DQR3bzahpXe1ZW,,card,HDFC,Visa,HDFC,debit,
pay_DQfdSZesiTSV54,payment,0.00,3000.00,3000.00,INR,70.80,10.80,0,0,"06-10-2019 11:03:16","10-10-2019 10:00:00",,#inv_DQP60lEp9ISZEW,{},DQfdSZesiTSV54,,DQP60ntd2Emj6p,64645,card,HDFC,Visa,HDFC,debit,
pay_DQg3lrqtK2qzvT,payment,0.00,3000.00,3000.00,INR,70.80,10.80,0,0,"06-10-2019 11:28:10","10-10-2019 10:00:00",,#inv_DQg1uxaShvYfJA,{},DQg3lrqtK2qzvT,,DQg1v0QcGuzheY,4234,upi,,,,,
pay_DQgBcfNXbdsGhr,payment,0.00,3000.00,3000.00,INR,70.80,10.80,0,0,"06-10-2019 11:35:36","10-10-2019 10:00:00",,#inv_DQgA2h4vLCWBp2,{},DQgBcfNXbdsGhr,,DQgA2j7kutjfLI,,netbanking,HDFC,,,,
pay_DQgGAyh8UzQQaU,payment,0.00,3000.00,3000.00,INR,70.80,10.80,0,0,"06-10-2019 11:40:04","10-10-2019 10:00:00",,#inv_DQgAsn2iVI45IM,{},DQgGAyh8UzQQaU,,DQgAspSQC3NmQL,908908,card,CITI,MasterCard,CITI,debit,
pay_DQgK8luOlZomYs,payment,0.00,3000.00,3000.00,INR,70.80,10.80,0,0,"06-10-2019 11:43:39","10-10-2019 10:00:00",,#inv_DQgCwmMoHWqtiX,{},DQgK8luOlZomYs,,DQgCwoNuTcwBfG,9898,card,HDFC,Visa,HDFC,credit,
pay_DQgWMDpM8cICZj,payment,0.00,3000.00,3000.00,INR,70.80,10.80,0,0,"06-10-2019 11:55:13","10-10-2019 10:00:00",,#inv_DQgEpDlWJFf5Vu,{},DQgWMDpM8cICZj,,DQgEpGpZH4HJDp,,card,KKBK,Visa,KKBK,credit,
pay_DQgkHEUwArmSDj,payment,0.00,3000.00,3000.00,INR,70.80,10.80,0,0,"06-10-2019 12:08:24","10-10-2019 10:00:00",,#inv_DQghwcP1xah07W,{},DQgkHEUwArmSDj,,DQghwel0Ea3g1H,,upi,,,,,
pay_DQgwWI0bt1xWsA,payment,0.00,4000.00,4000.00,INR,94.40,14.40,0,0,"06-10-2019 12:19:59","10-10-2019 10:00:00",,#inv_DQGueAcKrua4Rl,{},DQgwWI0bt1xWsA,,DQGueD4rFASq39,1,card,HDFC,MasterCard,HDFC,credit,
pay_DQhWEBZgVvx8ks,payment,0.00,3000.00,3000.00,INR,70.80,10.80,0,0,"06-10-2019 12:53:47","10-10-2019 10:00:00",,#inv_DQg3cOAd3tO8Wp,{},DQhWEBZgVvx8ks,,DQg3cQ9BMZAEPQ,4232,netbanking,ICIC,,,,
pay_DQhaBeMXgNhBEO,payment,0.00,3000.00,3000.00,INR,70.80,10.80,0,0,"06-10-2019 12:57:32","10-10-2019 10:00:00",,#inv_DQhXUtmKjrZvBQ,{},DQhaBeMXgNhBEO,,DQhXUwKowQOnKA,,card,HDFC,MasterCard,HDFC,credit,
pay_DQhurcGOLsqox9,payment,0.00,3000.00,3000.00,INR,70.80,10.80,0,0,"06-10-2019 13:17:07","10-10-2019 10:00:00",,#inv_DQhoUYrmIpzxo0,{},DQhurcGOLsqox9,,DQhoUbV9dehNDK,,card,HDFC,MasterCard,HDFC,credit,
pay_DQi9Oo1gwkmY8a,payment,0.00,3000.00,3000.00,INR,70.80,10.80,0,0,"06-10-2019 13:30:53","10-10-2019 10:00:00",,#inv_DQi7GEFOB9siKX,{},DQi9Oo1gwkmY8a,,DQi7GGq9V3XdBh,,card,CITI,MasterCard,CITI,debit,
pay_DQiR8CArpXvkJv,payment,0.00,3000.00,3000.00,INR,70.80,10.80,0,0,"06-10-2019 13:47:50","10-10-2019 10:00:00",,#inv_DQi5M7q8NghpGs,{},DQiR8CArpXvkJv,,DQi5M9sBDsTvnJ,,card,ICIC,Visa,ICIC,credit,
pay_DQjKCwR5hTfn2V,payment,0.00,1500.00,1500.00,INR,30.00,0.00,0,0,"06-10-2019 14:39:48","10-10-2019 10:00:00",,#inv_DQhvAbhC8PgqYA,{},DQjKCwR5hTfn2V,,DQhvAdvZRkDE7m,,card,HDFC,MasterCard,HDFC,credit,
pay_DQjcenyauSLASi,payment,0.00,3000.00,3000.00,INR,70.80,10.80,0,0,"06-10-2019 14:57:16","10-10-2019 10:00:00",,#inv_DQjT1m7rrjr1h6,{},DQjcenyauSLASi,,DQjT1oCdmIkIbB,,upi,,,,,
pay_DQjdEUULKQ7ox6,payment,0.00,3000.00,3000.00,INR,70.80,10.80,0,0,"06-10-2019 14:57:49","10-10-2019 10:00:00",,#inv_DQjb6EhAwMyjcB,{},DQjdEUULKQ7ox6,,DQjb6GvydkdQ1o,,netbanking,HDFC,,,,
pay_DQjl7cZeBbptrK,payment,0.00,3000.00,3000.00,INR,70.80,10.80,0,0,"06-10-2019 15:05:17","10-10-2019 10:00:00",,#inv_DQjPfON9AlKynJ,{},DQjl7cZeBbptrK,,DQjPfQrci9zHSV,,upi,,,,,
pay_DQjtBVJgXvihlv,payment,0.00,4000.00,4000.00,INR,94.40,14.40,0,0,"06-10-2019 15:12:55","10-10-2019 10:00:00",,#inv_DQiGCN1WRp6bno,{},DQjtBVJgXvihlv,,DQiGCPg04vVnlx,,netbanking,SYNB,,,,
pay_DQk2P2PObfIit2,payment,0.00,3000.00,3000.00,INR,70.80,10.80,0,0,"06-10-2019 15:21:39","10-10-2019 10:00:00",,#inv_DQjw65S1eI38zm,{},DQk2P2PObfIit2,,DQjw67swjkkDLF,,card,ICIC,Visa,ICIC,credit,
pay_DQk7D5E7Nmgcxc,payment,0.00,1500.00,1500.00,INR,35.40,5.40,0,0,"06-10-2019 15:26:11","10-10-2019 10:00:00",,#inv_DQjuprMsOXl2MD,{},DQk7D5E7Nmgcxc,,DQjupuENaJKykD,,upi,,,,,
pay_DQkAdX6XHNblXh,payment,0.00,3000.00,3000.00,INR,70.80,10.80,0,0,"06-10-2019 15:29:31","10-10-2019 10:00:00",,#inv_DQk5N7Tty3ByaT,{},DQkAdX6XHNblXh,,DQk5NA5Xl1qHn7,,card,UTIB,MasterCard,UTIB,credit,
pay_DQkBocX8hYquaR,payment,0.00,3000.00,3000.00,INR,70.80,10.80,0,0,"06-10-2019 15:30:33","10-10-2019 10:00:00",,#inv_DQjZr5WqXJo96y,{},DQkBocX8hYquaR,,DQjZr8OCzu3kik,,netbanking,HDFC,,,,
pay_DQkRcRb29KBNVd,payment,0.00,3000.00,3000.00,INR,70.80,10.80,0,0,"06-10-2019 15:45:31","10-10-2019 10:00:00",,#inv_DQkNfd0yGWl3M7,{},DQkRcRb29KBNVd,,DQkNffdrahSFJj,,netbanking,SBIN,,,,
pay_DQkRlcruUa4idK,payment,0.00,3000.00,3000.00,INR,70.80,10.80,0,0,"06-10-2019 15:45:39","10-10-2019 10:00:00",,#inv_DQk1Xl68HZLTII,{},DQkRlcruUa4idK,,DQk1XndMi1rjEf,,netbanking,SBIN,,,,
pay_DQkYXW1bxSxkLA,payment,0.00,3000.00,3000.00,INR,70.80,10.80,0,0,"06-10-2019 15:52:04","10-10-2019 10:00:00",,#inv_DQkT0UqNWSygcv,{},DQkYXW1bxSxkLA,,DQkT0XXZJbld9F,,card,UTIB,Visa,UTIB,debit,
pay_DQkkJd10STMWuv,payment,0.00,1500.00,1500.00,INR,30.00,0.00,0,0,"06-10-2019 16:03:13","10-10-2019 10:00:00",,#inv_DQkdbsFa6UInoT,{},DQkkJd10STMWuv,,DQkdbwPULxYvU1,,card,HDFC,Visa,HDFC,debit,
pay_DQkkt7wyGT1Svd,payment,0.00,3000.00,3000.00,INR,70.80,10.80,0,0,"06-10-2019 16:03:45","10-10-2019 10:00:00",,#inv_DQkUj3XLEkocbE,{},DQkkt7wyGT1Svd,,DQkUj6YHkfyno3,,card,SCBL,Visa,SCBL,credit,
pay_DQksn0bXqcs7af,payment,0.00,3000.00,3000.00,INR,70.80,10.80,0,0,"06-10-2019 16:11:14","10-10-2019 10:00:00",,#inv_DQkkMJy15WuAlC,{},DQksn0bXqcs7af,,DQkkMMQT9M1ifm,,card,HDFC,Visa,HDFC,debit,
pay_DQkylrCPAdQMbM,payment,0.00,3000.00,3000.00,INR,70.80,10.80,0,0,"06-10-2019 16:16:54","10-10-2019 10:00:00",,#inv_DQklilZAQ0ZDzA,{},DQkylrCPAdQMbM,,DQklioFMQfpaeS,,card,HDFC,MasterCard,HDFC,debit,
pay_DQl22AUPnL4QaB,payment,0.00,3000.00,3000.00,INR,106.20,16.20,0,0,"06-10-2019 16:20:00","16-10-2019 00:00:00",,#inv_DQkJUrs8kRjZH9,{},DQl22AUPnL4QaB,,DQkJUuYx9w1olW,,card,,Visa,,credit,
pay_DQl5y2E0llqihS,payment,0.00,3000.00,3000.00,INR,70.80,10.80,0,0,"06-10-2019 16:23:42","10-10-2019 10:00:00",,#inv_DQkzq7TuYSU0RA,{},DQl5y2E0llqihS,,DQkzq9t25OsSqe,,upi,,,,,
pay_DQlIb2ojb0VwTZ,payment,0.00,4000.00,4000.00,INR,94.40,14.40,0,0,"06-10-2019 16:35:40","10-10-2019 10:00:00",,#inv_DPrBpqu39rc31w,{},DQlIb2ojb0VwTZ,,DPrBptokTko6J5,,card,ICIC,Visa,ICIC,debit,
pay_DQlLAo2R5BB7dK,payment,0.00,4000.00,4000.00,INR,94.40,14.40,0,0,"06-10-2019 16:38:06","10-10-2019 10:00:00",,#inv_DPXPusH6bRKvOT,{},DQlLAo2R5BB7dK,,DPXPuuENMratCa,345523,netbanking,HDFC,,,,
pay_DQlO9XAOFiGe7X,payment,0.00,3000.00,3000.00,INR,70.80,10.80,0,0,"06-10-2019 16:40:55","10-10-2019 10:00:00",,#inv_DQPrf132Pnfzsd,{},DQlO9XAOFiGe7X,,DQPrf3TwQw2Mju,,card,HDFC,Visa,HDFC,debit,
pay_DQlQtVY5xwjMpC,payment,0.00,3000.00,3000.00,INR,70.80,10.80,0,0,"06-10-2019 16:43:31","10-10-2019 10:00:00",,#inv_DQl2WJVcVtCBsK,{},DQlQtVY5xwjMpC,,DQl2WLumnXVbBu,,netbanking,HDFC,,,,
pay_DQlWt5bqezyxcZ,payment,0.00,3000.00,3000.00,INR,70.80,10.80,0,0,"06-10-2019 16:49:11","10-10-2019 10:00:00",,#inv_DQkDgNOQhmwoPp,{},DQlWt5bqezyxcZ,,DQkDgQ56Mq9aNF,,upi,,,,,
pay_DQlwrV862scJgw,payment,0.00,3000.00,3000.00,INR,70.80,10.80,0,0,"06-10-2019 17:13:47","10-10-2019 10:00:00",,#inv_DQkfwapBhSLGD6,{},DQlwrV862scJgw,,DQkfwdEhyWEH1o,,card,KKBK,Visa,KKBK,debit,
pay_DQm7CiVsu0TrIQ,payment,0.00,3000.00,3000.00,INR,70.80,10.80,0,0,"06-10-2019 17:23:34","10-10-2019 10:00:00",,#inv_DQlmoD6J9EzeKW,{},DQm7CiVsu0TrIQ,,DQlmoF73cyUKTR,,netbanking,HDFC,,,,
pay_DQm89OoP65ucE8,payment,0.00,3000.00,3000.00,INR,70.80,10.80,0,0,"06-10-2019 17:24:28","10-10-2019 10:00:00",,#inv_DQkw8bvyd4ji82,{},DQm89OoP65ucE8,,DQkw8efjYjXLOv,,upi,,,,,
pay_DQmMGx3ufdPAV6,payment,0.00,3000.00,3000.00,INR,70.80,10.80,0,0,"06-10-2019 17:37:50","10-10-2019 10:00:00",,#inv_DQlpIeJ49PrVTo,{},DQmMGx3ufdPAV6,,DQlpIh2OZvWLgk,,netbanking,SBIN,,,,
pay_DQmNGZ12x5ryHj,payment,0.00,3000.00,3000.00,INR,70.80,10.80,0,0,"06-10-2019 17:38:47","10-10-2019 10:00:00",,#inv_DQmLGJPIaeQIm9,{},DQmNGZ12x5ryHj,,DQmLGLRefJueQK,,card,ICIC,Visa,ICIC,debit,
pay_DQmQiJSstzcUdN,payment,0.00,3000.00,3000.00,INR,106.20,16.20,0,0,"06-10-2019 17:42:02","10-10-2019 10:00:00",,#inv_DQOGIz6yt1bQAE,{},DQmQiJSstzcUdN,,DQOGJ1KrfZaZPd,231321,emi,HDFC,Visa,HDFC,credit,
pay_DQmR2yiQmo6TaT,payment,0.00,3000.00,3000.00,INR,70.80,10.80,0,0,"06-10-2019 17:42:21","10-10-2019 10:00:00",,#inv_DQmNHFxK0KJLS6,{},DQmR2yiQmo6TaT,,DQmNHIZK2tDDdd,,card,MAHB,RuPay,MAHB,debit,
pay_DQmf7K2GlPuBNP,payment,0.00,3000.00,3000.00,INR,70.80,10.80,0,0,"06-10-2019 17:55:41","10-10-2019 10:00:00",,#inv_DQmcP6LyfBKsIR,{},DQmf7K2GlPuBNP,,DQmcP94UYCVIrl,,upi,,,,,
pay_DQmsbwJQeheBk2,payment,0.00,1500.00,1500.00,INR,35.40,5.40,0,0,"06-10-2019 18:08:27","10-10-2019 10:00:00",,#inv_DQkyBfV6qfhPBv,{},DQmsbwJQeheBk2,,DQkyBiEjowYAjX,,upi,,,,,
pay_DQn3JJWulaZGNF,payment,0.00,3000.00,3000.00,INR,70.80,10.80,0,0,"06-10-2019 18:18:40","10-10-2019 10:00:00",,#inv_DQn1Kz1vP8mkzZ,{},DQn3JJWulaZGNF,,DQn1L1PzFUX7iA,,card,ICIC,Visa,ICIC,credit,
pay_DQn4tf4UG6zGNR,payment,0.00,3000.00,3000.00,INR,70.80,10.80,0,0,"06-10-2019 18:20:05","10-10-2019 10:00:00",,#inv_DQn03gzcEkf9OH,{},DQn4tf4UG6zGNR,,DQn03jDDOMIAbx,,netbanking,HDFC,,,,
pay_DQnAbJvfBfVBm0,payment,0.00,3000.00,3000.00,INR,70.80,10.80,0,0,"06-10-2019 18:25:29","10-10-2019 10:00:00",,#inv_DQmzGGF8EykNrS,{},DQnAbJvfBfVBm0,,DQmzGIZ3ijL3Ec,,netbanking,SBIN,,,,
pay_DQnFvnEcMFFMLV,payment,0.00,3000.00,3000.00,INR,70.80,10.80,0,0,"06-10-2019 18:30:32","10-10-2019 10:00:00",,#inv_DQRVxN0RqEQ4q0,{},DQnFvnEcMFFMLV,,DQRVxPT72aWXQn,,card,ICIC,MasterCard,ICIC,debit,
pay_DQnaiYfE0GP7mi,payment,0.00,3000.00,3000.00,INR,70.80,10.80,0,0,"06-10-2019 18:50:12","10-10-2019 10:00:00",,#inv_DQnXNDWzBjPpLB,{},DQnaiYfE0GP7mi,,DQnXNGULyPuwRv,,wallet,freecharge,,,,
pay_DQncEtJgSGqybc,payment,0.00,3000.00,3000.00,INR,70.80,10.80,0,0,"06-10-2019 18:51:39","10-10-2019 10:00:00",,#inv_DQhHoR8bBqbMaJ,{},DQncEtJgSGqybc,,DQhHoT7EbEudje,14567,upi,,,,,
pay_DQnhLutmhF46lw,payment,0.00,3000.00,3000.00,INR,70.80,10.80,0,0,"06-10-2019 18:56:29","10-10-2019 10:00:00",,#inv_DQndzSizB4L4Iq,{},DQnhLutmhF46lw,,DQndzV7CzBMJBu,,card,SBIN,Visa,SBIN,credit,
pay_DQnmEMQunvd6Gu,payment,0.00,3000.00,3000.00,INR,70.80,10.80,0,0,"06-10-2019 19:01:06","10-10-2019 10:00:00",,#inv_DQnjGOCYOWeUKn,{},DQnmEMQunvd6Gu,,DQnjGQ30dGECU9,,card,SBIN,Visa,SBIN,credit,
pay_DQntwwv7zXt8Hh,payment,0.00,3000.00,3000.00,INR,70.80,10.80,0,0,"06-10-2019 19:08:25","10-10-2019 10:00:00",,#inv_DQniskgjRDge42,{},DQntwwv7zXt8Hh,,DQnismxl6whTGJ,,card,SBIN,MasterCard,SBIN,debit,
pay_DQnu1iNNnLjyYc,payment,0.00,3000.00,3000.00,INR,70.80,10.80,0,0,"06-10-2019 19:08:29","10-10-2019 10:00:00",,#inv_DQnqE4SdTW1UDh,{},DQnu1iNNnLjyYc,,DQnqE7BUdOH92e,,upi,,,,,
pay_DQnysmon5bZbJW,payment,0.00,3000.00,3000.00,INR,70.80,10.80,0,0,"06-10-2019 19:13:05","10-10-2019 10:00:00",,#inv_DQnvD7s3m0L889,{},DQnysmon5bZbJW,,DQnvD9xaRxZEaA,,upi,,,,,
pay_DQo2ANHGQuT9Ew,payment,0.00,3000.00,3000.00,INR,70.80,10.80,0,0,"06-10-2019 19:16:11","10-10-2019 10:00:00",,#inv_DQo0v9LiEwQ0un,{},DQo2ANHGQuT9Ew,,DQo0vBIGXGLux5,,upi,,,,,
pay_DQnxHIEH87iyPf,payment,0.00,3000.00,3000.00,INR,70.80,10.80,0,0,"06-10-2019 19:11:34","10-10-2019 10:00:00",,#inv_DQntvhFRIQ07y7,{},DQnxHIEH87iyPf,,DQntvjU3Qt84we,,card,ICIC,Visa,ICIC,debit,
pay_DQo1K0V1Bz85mv,payment,0.00,3000.00,3000.00,INR,70.80,10.80,0,0,"06-10-2019 19:15:23","10-10-2019 10:00:00",,#inv_DQnyuTAR4W40Ir,{},DQo1K0V1Bz85mv,,DQnyuVMFsKK6mQ,,upi,,,,,
pay_DQoBZtj43biRk6,payment,0.00,3000.00,3000.00,INR,70.80,10.80,0,0,"06-10-2019 19:25:06","10-10-2019 10:00:00",,#inv_DQmG2FPwpFvYr5,{},DQoBZtj43biRk6,,DQmG2IBeegw4dl,,upi,,,,,
pay_DQoBa2qNquwHd9,payment,0.00,3000.00,3000.00,INR,70.80,10.80,0,0,"06-10-2019 19:25:06","10-10-2019 10:00:00",,#inv_DQnrSvKb00zCsO,{},DQoBa2qNquwHd9,,DQnrSyF99AWNhQ,,netbanking,ICIC,,,,
pay_DQoLh8GhpMD9Dx,payment,0.00,1500.00,1500.00,INR,30.00,0.00,0,0,"06-10-2019 19:34:41","10-10-2019 10:00:00",,#inv_DQht6xnvnHwlsa,{},DQoLh8GhpMD9Dx,,DQht6yn7gaxsBO,,card,SBIN,Visa,SBIN,debit,
pay_DQoQ9nRoSrZJyy,payment,0.00,3000.00,3000.00,INR,70.80,10.80,0,0,"06-10-2019 19:38:54","10-10-2019 10:00:00",,#inv_DQoKB3gdDKNiDr,{},DQoQ9nRoSrZJyy,,DQoKB4s4ij0HKB,,card,HDFC,Visa,HDFC,credit,
pay_DQoSlHA2guQf5c,payment,0.00,3000.00,3000.00,INR,70.80,10.80,0,0,"06-10-2019 19:41:23","10-10-2019 10:00:00",,#inv_DQoO4iSq5hOBTq,{},DQoSlHA2guQf5c,,DQoO4kI2W15bqe,,card,CITI,MasterCard,CITI,debit,
pay_DQoTc8O7l06WmI,payment,0.00,3000.00,3000.00,INR,70.80,10.80,0,0,"06-10-2019 19:42:10","10-10-2019 10:00:00",,#inv_DQo2xSr0j0s6YP,{},DQoTc8O7l06WmI,,DQo2xVc5CW3JW3,,upi,,,,,
pay_DQoXP6ycrQ38Pl,payment,0.00,3000.00,3000.00,INR,70.80,10.80,0,0,"06-10-2019 19:45:46","10-10-2019 10:00:00",,#inv_DQoWFkBaFXvs8t,{},DQoXP6ycrQ38Pl,,DQoWFmKXICMgLE,,netbanking,HDFC,,,,
pay_DQoYcCnIE0UcSb,payment,0.00,1500.00,1500.00,INR,30.00,0.00,0,0,"06-10-2019 19:46:55","10-10-2019 10:00:00",,#inv_DQoWzgvR3jk3TO,{},DQoYcCnIE0UcSb,,DQoWzj3ZkN79VX,,card,ICIC,MasterCard,ICIC,debit,
pay_DQod6nfnVP2UEx,payment,0.00,3000.00,3000.00,INR,70.80,10.80,0,0,"06-10-2019 19:51:20","10-10-2019 10:00:00",,#inv_DQoanYqMPfG6VY,{},DQod6nfnVP2UEx,,DQoanbM1GIihYg,,card,CITI,Visa,CITI,credit,
pay_DQoYk5EbNCTDVB,payment,0.00,3000.00,3000.00,INR,70.80,10.80,0,0,"06-10-2019 19:47:02","10-10-2019 10:00:00",,#inv_DQoLgFkz4tZk2p,{},DQoYk5EbNCTDVB,,DQoLgIYfJ0M9Ff,,upi,,,,,
pay_DQog3Ma2wckETs,payment,0.00,3000.00,3000.00,INR,70.80,10.80,0,0,"06-10-2019 19:53:57","10-10-2019 10:00:00",,#inv_DQoTrDPh8lC0JK,{},DQog3Ma2wckETs,,DQoTrG7EQGVv6t,,card,KKBK,Visa,KKBK,debit,
pay_DQoh3wcG1vuWAI,payment,0.00,3000.00,3000.00,INR,70.80,10.80,0,0,"06-10-2019 19:54:54","10-10-2019 10:00:00",,#inv_DQocIpgHo7L6Hc,{},DQoh3wcG1vuWAI,,DQocIs7mRU8TfO,,netbanking,SBIN,,,,
pay_DQolHIE7b8K8IM,payment,0.00,3000.00,3000.00,INR,70.80,10.80,0,0,"06-10-2019 19:58:54","10-10-2019 10:00:00",,#inv_DQochTlQjMeteK,{},DQolHIE7b8K8IM,,DQochWBgRaKYrN,,upi,,,,,
pay_DQokMeL0fmHGXV,payment,0.00,3000.00,3000.00,INR,70.80,10.80,0,0,"06-10-2019 19:58:02","10-10-2019 10:00:00",,#inv_DQkHM9hBngnhHj,{},DQokMeL0fmHGXV,,DQkHMBl3lg0ZJI,,netbanking,ICIC,,,,
pay_DQoyqnYRtDJ1Tg,payment,0.00,3000.00,3000.00,INR,70.80,10.80,0,0,"06-10-2019 20:11:45","10-10-2019 10:00:00",,#inv_DQoFvzXDvwsgfJ,{},DQoyqnYRtDJ1Tg,,DQoFw7Ukhm8OxQ,,card,SBIN,Visa,SBIN,debit,
pay_DQpKfpcEHqBxm2,payment,0.00,3000.00,3000.00,INR,70.80,10.80,0,0,"06-10-2019 20:32:24","10-10-2019 10:00:00",,#inv_DQp2gt5349lIMC,{},DQpKfpcEHqBxm2,,DQp2gvppCOCjVy,,card,ICIC,MasterCard,ICIC,debit,
pay_DQpO7f2Q5fenWM,payment,0.00,3000.00,3000.00,INR,70.80,10.80,0,0,"06-10-2019 20:35:42","10-10-2019 10:00:00",,#inv_DQoIcii9VU9oS2,{},DQpO7f2Q5fenWM,,DQoIcl0Ze6q0Xq,,card,BDBL,RuPay,BDBL,debit,
pay_DQpYeBQsnMGVAm,payment,0.00,3000.00,3000.00,INR,70.80,10.80,0,0,"06-10-2019 20:45:38","10-10-2019 10:00:00",,#inv_DQkQrgvL0CdJRz,{},DQpYeBQsnMGVAm,,DQkQriqqRcJpsn,,card,UTIB,RuPay,UTIB,debit,
pay_DQpZC3ev4ni2ka,payment,0.00,1500.00,1500.00,INR,30.00,0.00,0,0,"06-10-2019 20:46:24","10-10-2019 10:00:00",,#inv_DQomYV9SCW3Mr6,{},DQpZC3ev4ni2ka,,DQomYVkzWgBmSx,,card,SBIN,RuPay,SBIN,debit,
pay_DQpahoeGxd4Es5,payment,0.00,3000.00,3000.00,INR,70.80,10.80,0,0,"06-10-2019 20:47:35","10-10-2019 10:00:00",,#inv_DQpKBsnH8Ireua,{},DQpahoeGxd4Es5,,DQpKBv8aJLVsmo,,netbanking,SBIN,,,,
pay_DQpjSZ874Linn5,payment,0.00,1500.00,1500.00,INR,35.40,5.40,0,0,"06-10-2019 20:55:52","10-10-2019 10:00:00",,#inv_DQjM7tcdUCeK0j,{},DQpjSZ874Linn5,,DQjM7vlqByBSXn,,upi,,,,,
pay_DQqSOo8uSZOIvg,payment,0.00,3000.00,3000.00,INR,70.80,10.80,0,0,"06-10-2019 21:38:25","10-10-2019 10:00:00",,#inv_DQoGj7DndWihCT,{},DQqSOo8uSZOIvg,,DQoGj9k48BEaNo,,upi,,,,,
pay_DQqVoGZJjaRfwm,payment,0.00,3000.00,3000.00,INR,70.80,10.80,0,0,"06-10-2019 21:41:39","10-10-2019 10:00:00",,#inv_DQlnYKq3eVOi4o,{},DQqVoGZJjaRfwm,,DQlnYNUuCXkPX7,,card,DBSS,Visa,DBSS,debit,
pay_DQqcAj4OHYMlPe,payment,0.00,1500.00,1500.00,INR,35.40,5.40,0,0,"06-10-2019 21:47:40","10-10-2019 10:00:00",,#inv_DQnwKbnI8gS2Sk,{},DQqcAj4OHYMlPe,,DQnwKcjoJdJ1mT,,netbanking,SBIN,,,,
pay_DQqjujqWcegtm9,payment,0.00,3000.00,3000.00,INR,70.80,10.80,0,0,"06-10-2019 21:55:00","10-10-2019 10:00:00",,#inv_DQn75dhscnGwug,{},DQqjujqWcegtm9,,DQn75gPGHDLSDx,,card,TMBL,Visa,TMBL,debit,
pay_DQqmGovmlxdtfn,payment,0.00,4000.00,4000.00,INR,94.40,14.40,0,0,"06-10-2019 21:57:13","10-10-2019 10:00:00",,#inv_DQLRxrxybYo90k,{},DQqmGovmlxdtfn,,DQLRxuhif0FEhc,,netbanking,SBIN,,,,
pay_DQqsvOREPtW8p4,payment,0.00,3000.00,3000.00,INR,70.80,10.80,0,0,"06-10-2019 22:03:31","10-10-2019 10:00:00",,#inv_DQoaDyAetVuQCO,{},DQqsvOREPtW8p4,,DQoaE0AY7h2X4f,,netbanking,ICIC,,,,
pay_DQrUcmDLjfwwuo,payment,0.00,3000.00,3000.00,INR,70.80,10.80,0,0,"06-10-2019 22:39:13","10-10-2019 10:00:00",,#inv_DQoDB8lCfv5qy5,{},DQrUcmDLjfwwuo,,DQoDBBDofovIty,,card,SBIN,Visa,SBIN,debit,
pay_DQrWkBzJvhfFjk,payment,0.00,3000.00,3000.00,INR,70.80,10.80,0,0,"06-10-2019 22:41:13","10-10-2019 10:00:00",,#inv_DQnhS8Zfjw9XLm,{},DQrWkBzJvhfFjk,,DQnhSBOXSfLQAl,,card,CNRB,RuPay,CNRB,debit,
pay_DQryVPaW7RKQnX,payment,0.00,4000.00,4000.00,INR,94.40,14.40,0,0,"06-10-2019 23:07:30","10-10-2019 10:00:00",,#inv_DQrK0mdyh7Feiy,{},DQryVPaW7RKQnX,,DQrK0nDqgIKLlt,,netbanking,ICIC,,,,
pay_DQsGSHVD5y8mzb,payment,0.00,4000.00,4000.00,INR,94.40,14.40,0,0,"06-10-2019 23:24:30","10-10-2019 10:00:00",,#inv_DPe4hDdcCBBt3L,{},DQsGSHVD5y8mzb,,DPe4hH7jY4o3dy,235,card,SBIN,Visa,SBIN,credit,
pay_DQsLMM6vPvyO9H,payment,0.00,3000.00,3000.00,INR,70.80,10.80,0,0,"06-10-2019 23:29:08","10-10-2019 10:00:00",,#inv_DQo79aiS7BDmHO,{},DQsLMM6vPvyO9H,,DQo79dBXkFIvc1,,upi,,,,,
pay_DQt1LUHzjSrai1,payment,0.00,3000.00,3000.00,INR,70.80,10.80,0,0,"07-10-2019 00:08:53","11-10-2019 10:00:00",,#inv_DQnfakxf03L6BP,{},DQt1LUHzjSrai1,,DQnfanhAa3JPyb,,card,SBIN,Visa,SBIN,credit,
pay_DQwNnx3LY5zJWb,payment,0.00,3000.00,3000.00,INR,70.80,10.80,0,0,"07-10-2019 03:26:13","11-10-2019 10:00:00",,#inv_DQQPT5zPEIxwDM,{},DQwNnx3LY5zJWb,,DQQPT8Iz9n6dWJ,,upi,,,,,
pay_DR21hlGASboutr,payment,0.00,1500.00,1500.00,INR,35.40,5.40,0,0,"07-10-2019 08:57:28","11-10-2019 10:00:00",,#inv_DQrOg4Kegs0Hf9,{},DR21hlGASboutr,,DQrOg6j2kEds6V,,netbanking,SBIN,,,,
pay_DR2BPZ9xV0Kk9z,payment,0.00,3000.00,3000.00,INR,70.80,10.80,0,0,"07-10-2019 09:06:39","11-10-2019 10:00:00",,#inv_DQnVoBD8NNFySt,{},DR2BPZ9xV0Kk9z,,DQnVoEOuPmwZO4,,netbanking,HDFC,,,,
pay_DR2GrPAgXtM0Eo,payment,0.00,3000.00,3000.00,INR,70.80,10.80,0,0,"07-10-2019 09:11:49","11-10-2019 10:00:00",,#inv_DQQj0pRVqh7NMm,{},DR2GrPAgXtM0Eo,,DQQj0sEuPtoZwl,3453,netbanking,ICIC,,,,
pay_DR2I91regNPH4S,payment,0.00,3000.00,3000.00,INR,70.80,10.80,0,0,"07-10-2019 09:13:02","11-10-2019 10:00:00",,#inv_DQnS0fReBkI9U4,{},DR2I91regNPH4S,,DQnS0hnaP2Rv1R,,netbanking,UTIB,,,,
pay_DR2qsDnUsTUbae,payment,0.00,3000.00,3000.00,INR,70.80,10.80,0,0,"07-10-2019 09:45:54","11-10-2019 10:00:00",,#inv_DQg52ikZc6yYhj,{},DR2qsDnUsTUbae,,DQg52lMFIsPiqd,23124,card,HDFC,MasterCard,HDFC,debit,
pay_DR3IGGpDnZBsNO,payment,0.00,3000.00,3000.00,INR,70.80,10.80,0,0,"07-10-2019 10:11:50","11-10-2019 10:00:00",,#inv_DQQiyN9lI8bziB,{},DR3IGGpDnZBsNO,,DQQiyPfongsODA,,card,ICIC,Visa,ICIC,credit,
pay_DR3fpBcGhRxclE,payment,0.00,3000.00,3000.00,INR,70.80,10.80,0,0,"07-10-2019 10:34:09","11-10-2019 10:00:00",,#inv_DQnjy9KbUTY4tP,{},DR3fpBcGhRxclE,,DQnjyC09cpAG8A,,card,UTIB,MasterCard,UTIB,credit,
pay_DR4poapu4IfyvW,payment,0.00,4000.00,4000.00,INR,94.40,14.40,0,0,"07-10-2019 11:42:17","11-10-2019 10:00:00",,#inv_DPez9N0MzHka9J,{},DR4poapu4IfyvW,,DPez9PUdOHVtnT,555,card,ICIC,Visa,ICIC,debit,
pay_DR5DEr5KZaP8io,payment,0.00,1500.00,1500.00,INR,35.40,5.40,0,0,"07-10-2019 12:04:28","11-10-2019 10:00:00",,#inv_DQrl1YVPs0daDl,{},DR5DEr5KZaP8io,,DQrl1Z3WmxFlGW,,upi,,,,,
pay_DR5K8eBkH4c4e1,payment,0.00,3000.00,3000.00,INR,70.80,10.80,0,0,"07-10-2019 12:11:00","11-10-2019 10:00:00",,#inv_DR5BYNOFg0n6cQ,{},DR5K8eBkH4c4e1,,DR5BYPLvWnYg6Q,,card,HDFC,MasterCard,HDFC,credit,
pay_DR5gam2DbBB0eX,payment,0.00,3000.00,3000.00,INR,70.80,10.80,0,0,"07-10-2019 12:32:15","11-10-2019 10:00:00",,#inv_DR5eRsLd03u2S2,{},DR5gam2DbBB0eX,,DR5eRuamoeSvKd,,upi,,,,,
pay_DR5lRHR989Eg9B,payment,0.00,3000.00,3000.00,INR,70.80,10.80,0,0,"07-10-2019 12:36:50","11-10-2019 10:00:00",,#inv_DQl0CUevBxqD9H,{},DR5lRHR989Eg9B,,DQl0CXHpuJGqIu,,netbanking,SBIN,,,,
pay_DR5zgDfZp3aPq4,payment,0.00,3000.00,3000.00,INR,70.80,10.80,0,0,"07-10-2019 12:50:19","11-10-2019 10:00:00",,#inv_DR4H7bfkM3W7NS,{},DR5zgDfZp3aPq4,,DR4H7dYhETuc24,,netbanking,SBIN,,,,
pay_DR6AxDyZTjG7C9,payment,0.00,3000.00,3000.00,INR,70.80,10.80,0,0,"07-10-2019 13:01:00","11-10-2019 10:00:00",,#inv_DR5p5bqfZ5foit,{},DR6AxDyZTjG7C9,,DR5p5djmWUZpGH,2000,card,HDFC,MasterCard,HDFC,debit,
pay_DR6HEbuE9EUHF2,payment,0.00,3000.00,3000.00,INR,70.80,10.80,0,0,"07-10-2019 13:06:56","11-10-2019 10:00:00",,#inv_DR5bJApcD7TUPi,{},DR6HEbuE9EUHF2,,DR5bJHIqNejWWO,,netbanking,ICIC,,,,
pay_DR6HZIlBbM30MF,payment,0.00,3000.00,3000.00,INR,70.80,10.80,0,0,"07-10-2019 13:07:20","11-10-2019 10:00:00",,#inv_DR63SC198YgOQn,{},DR6HZIlBbM30MF,,DR63SEDSA8CGSX,,card,ICIC,MasterCard,ICIC,debit,
pay_DR6gckxChsZ2et,payment,0.00,1500.00,1500.00,INR,35.40,5.40,0,0,"07-10-2019 13:30:58","11-10-2019 10:00:00",,#inv_DR6f2JE3E2eaGC,{},DR6gckxChsZ2et,,DR6f2JoZhnt01F,,netbanking,SBIN,,,,
pay_DR6tMu1nj2jBiP,payment,0.00,1500.00,1500.00,INR,30.00,0.00,0,0,"07-10-2019 13:43:03","11-10-2019 10:00:00",,#inv_DR6qbGCkFLjRdY,{},DR6tMu1nj2jBiP,,DR6qbGl4oergDS,,card,HDFC,MasterCard,HDFC,debit,
pay_DR7FjiUfcOHHxN,payment,0.00,1500.00,1500.00,INR,35.40,5.40,0,0,"07-10-2019 14:04:13","11-10-2019 10:00:00",,#inv_DR74vBbDxzVN0J,{},DR7FjiUfcOHHxN,,DR74vDxTKHMz93,,netbanking,ICIC,,,,
pay_DR7JCKcMIPpiBH,payment,0.00,3000.00,3000.00,INR,70.80,10.80,0,0,"07-10-2019 14:07:29","11-10-2019 10:00:00",,#inv_DR7GiALN9t97Kf,{},DR7JCKcMIPpiBH,,DR7GiCJTm2IEvf,,upi,,,,,
pay_DR7Mn1B7s8DLcs,payment,0.00,3000.00,3000.00,INR,70.80,10.80,0,0,"07-10-2019 14:10:53","11-10-2019 10:00:00",,#inv_DQl3cGRp2St0ip,{},DR7Mn1B7s8DLcs,,DQl3cHQcV9NqzR,,card,INDB,Visa,INDB,credit,
pay_DR7Oz3lbicPaVg,payment,0.00,3000.00,3000.00,INR,70.80,10.80,0,0,"07-10-2019 14:12:58","11-10-2019 10:00:00",,#inv_DR7L1qXkTKWU0J,{},DR7Oz3lbicPaVg,,DR7L1secEWPAet,,card,HDFC,Visa,HDFC,credit,
pay_DR7SigCDU0T2GS,payment,0.00,1500.00,1500.00,INR,35.40,5.40,0,0,"07-10-2019 14:16:30","11-10-2019 10:00:00",,#inv_DR7Pet2qtGyb3Q,{},DR7SigCDU0T2GS,,DR7PevFPGlId71,,upi,,,,,
pay_DR7sMETecNmfDM,payment,0.00,3000.00,3000.00,INR,70.80,10.80,0,0,"07-10-2019 14:40:47","11-10-2019 10:00:00",,#inv_DR7rJrg4xZFTSV,{},DR7sMETecNmfDM,,DR7rJu8AkED0UN,,card,CITI,Visa,CITI,credit,
pay_DR7sGYR4zZtKTg,payment,0.00,3000.00,3000.00,INR,70.80,10.80,0,0,"07-10-2019 14:40:41","11-10-2019 10:00:00",,#inv_DR7o65sJ49OPZI,{},DR7sGYR4zZtKTg,,DR7o68LaAPr6pg,,upi,,,,,
pay_DR8FsH2CUeSfei,payment,0.00,3000.00,3000.00,INR,70.80,10.80,0,0,"07-10-2019 15:03:02","11-10-2019 10:00:00",,#inv_DR8CtM7flDmwPz,{},DR8FsH2CUeSfei,,DR8CtPW09XFx5o,,netbanking,HDFC,,,,
pay_DR8GIkaSnDB1i9,payment,0.00,3000.00,3000.00,INR,70.80,10.80,0,0,"07-10-2019 15:03:27","11-10-2019 10:00:00",,#inv_DR8BGVQfbYZOa8,{},DR8GIkaSnDB1i9,,DR8BGYGhHBPz6l,,card,HDFC,MasterCard,HDFC,debit,
pay_DR8Gg1XBze64RU,payment,0.00,3000.00,3000.00,INR,70.80,10.80,0,0,"07-10-2019 15:03:48","11-10-2019 10:00:00",,#inv_DR8AQiXWfwqvba,{},DR8Gg1XBze64RU,,DR8AQkTAA8HAqV,,netbanking,SBIN,,,,
pay_DR8UwnmfIVy3kb,payment,0.00,1500.00,1500.00,INR,30.00,0.00,0,0,"07-10-2019 15:17:18","11-10-2019 10:00:00",,#inv_DR65pCWCMM2Bga,{},DR8UwnmfIVy3kb,,DR65pF8efiGCIH,,card,HDFC,Visa,HDFC,credit,
pay_DR8WRzWYh4GaVo,payment,0.00,3000.00,3000.00,INR,70.80,10.80,0,0,"07-10-2019 15:18:44","11-10-2019 10:00:00",,#inv_DR8IGgipWY1VIF,{},DR8WRzWYh4GaVo,,DR8IGj7qVx9iaR,,netbanking,ICIC,,,,
pay_DR8Y1fUxZBfAcA,payment,0.00,3000.00,3000.00,INR,70.80,10.80,0,0,"07-10-2019 15:20:13","11-10-2019 10:00:00",,#inv_DR8LhYk7Qpvn1q,{},DR8Y1fUxZBfAcA,,DR8LhayiQwTnQ8,,card,HDFC,MasterCard,HDFC,debit,
pay_DR8a6t5v7Zk0l3,payment,0.00,3000.00,3000.00,INR,70.80,10.80,0,0,"07-10-2019 15:22:12","11-10-2019 10:00:00",,#inv_DR5mIJVdbwBeIt,{},DR8a6t5v7Zk0l3,,DR5mIMJlTCv1US,1200,netbanking,UTIB,,,,
pay_DR8duUDsMrt907,payment,0.00,3000.00,3000.00,INR,70.80,10.80,0,0,"07-10-2019 15:25:47","11-10-2019 10:00:00",,#inv_DR8bZMLRpU7vOJ,{},DR8duUDsMrt907,,DR8bZNHs7OrycH,,upi,,,,,
pay_DR8gksRjvuOCGg,payment,0.00,3000.00,3000.00,INR,70.80,10.80,0,0,"07-10-2019 15:28:29","11-10-2019 10:00:00",,#inv_DR8YuYevPuOGSi,{},DR8gksRjvuOCGg,,DR8Yub30EflIJZ,,upi,,,,,
pay_DR8i8m0UIGt1qk,payment,0.00,3000.00,3000.00,INR,70.80,10.80,0,0,"07-10-2019 15:29:48","11-10-2019 10:00:00",,#inv_DR8gQEyzhFQW6l,{},DR8i8m0UIGt1qk,,DR8gQI3jjNgNLr,,upi,,,,,
pay_DR8o09ETEuadkr,payment,0.00,3000.00,3000.00,INR,70.80,10.80,0,0,"07-10-2019 15:35:21","11-10-2019 10:00:00",,#inv_DR89MuQkrn5zwk,{},DR8o09ETEuadkr,,DR89MxBJT6zWDV,,netbanking,HDFC,,,,
pay_DR8q5M193I5HmE,payment,0.00,3000.00,3000.00,INR,106.20,16.20,0,0,"07-10-2019 15:37:20","17-10-2019 00:00:00",,#inv_DR8OuK5FHpBO70,{},DR8q5M193I5HmE,,DR8OuMlOppxvHG,,card,,Visa,,debit,
pay_DR8vVHxrobINRB,payment,0.00,3000.00,3000.00,INR,70.80,10.80,0,0,"07-10-2019 15:42:27","11-10-2019 10:00:00",,#inv_DR8pRIH7n1alVT,{},DR8vVHxrobINRB,,DR8pRKPBGl8SW7,,upi,,,,,
pay_DR8tIzyOCPdWXj,payment,0.00,3000.00,3000.00,INR,70.80,10.80,0,0,"07-10-2019 15:40:22","11-10-2019 10:00:00",,#inv_DR8rR6RfVw4v7o,{},DR8tIzyOCPdWXj,,DR8rR8R47vXcW8,,card,UTIB,RuPay,UTIB,debit,
pay_DR8wowgGYIDD8A,payment,0.00,3000.00,3000.00,INR,70.80,10.80,0,0,"07-10-2019 15:43:42","11-10-2019 10:00:00",,#inv_DR8udrcqbFx4Wo,{},DR8wowgGYIDD8A,,DR8udu3088asqE,,upi,,,,,
pay_DR9N1CfbnL4LC7,payment,0.00,3000.00,3000.00,INR,70.80,10.80,0,0,"07-10-2019 16:08:30","11-10-2019 10:00:00",,#inv_DR97b8gdyOoi2t,{},DR9N1CfbnL4LC7,,DR97bAe3h0Q0A4,,card,RATN,MasterCard,RATN,credit,
pay_DR9OLWjK2gRH4u,payment,0.00,3000.00,3000.00,INR,70.80,10.80,0,0,"07-10-2019 16:09:45","11-10-2019 10:00:00",,#inv_DR9K2Lb6DThsD4,{},DR9OLWjK2gRH4u,,DR9K2NuvPNU98t,,netbanking,HDFC,,,,
pay_DR9U7n244I4Rgm,payment,0.00,3000.00,3000.00,INR,70.80,10.80,0,0,"07-10-2019 16:15:13","11-10-2019 10:00:00",,#inv_DR8rXMgetHNHZc,{},DR9U7n244I4Rgm,,DR8rXP4ZOx28X5,,upi,,,,,
pay_DR9UmabEQDJYXd,payment,0.00,1500.00,1500.00,INR,35.40,5.40,0,0,"07-10-2019 16:15:51","11-10-2019 10:00:00",,#inv_DR6g86y5y7u0Xo,{},DR9UmabEQDJYXd,,DR6g897WyKc7gs,,netbanking,ICIC,,,,
pay_DR9XNRsz3up49h,payment,0.00,3000.00,3000.00,INR,70.80,10.80,0,0,"07-10-2019 16:18:18","11-10-2019 10:00:00",,#inv_DR9VyUadXVXPlW,{},DR9XNRsz3up49h,,DR9VyXBAQwmgyE,,netbanking,ICIC,,,,
pay_DR9cFVqIeFJ4YI,payment,0.00,3000.00,3000.00,INR,70.80,10.80,0,0,"07-10-2019 16:22:56","11-10-2019 10:00:00",,#inv_DQR6PCOKUcI504,{},DR9cFVqIeFJ4YI,,DQR6PEt52jLFdN,,card,HDFC,MasterCard,HDFC,credit,
pay_DR9cDBngudkmJZ,payment,0.00,3000.00,3000.00,INR,70.80,10.80,0,0,"07-10-2019 16:22:53","11-10-2019 10:00:00",,#inv_DR9PZLV2PzULqc,{},DR9cDBngudkmJZ,,DR9PZP0ftogGCz,,upi,,,,,
pay_DR9n6TVVkxPtl9,payment,0.00,3000.00,3000.00,INR,70.80,10.80,0,0,"07-10-2019 16:33:11","11-10-2019 10:00:00",,#inv_DR9l3f0MFzwuhv,{},DR9n6TVVkxPtl9,,DR9l3hjFfS3d4q,,upi,,,,,
pay_DR9sff0G4emnOd,payment,0.00,3000.00,3000.00,INR,70.80,10.80,0,0,"07-10-2019 16:38:28","11-10-2019 10:00:00",,#inv_DR9qCvpRuNQy3Y,{},DR9sff0G4emnOd,,DR9qCyXBB8FxX1,,upi,,,,,
pay_DR9zJu7VCZ8QKJ,payment,0.00,3000.00,3000.00,INR,70.80,10.80,0,0,"07-10-2019 16:44:45","11-10-2019 10:00:00",,#inv_DR9oGP2JtkKcHV,{},DR9zJu7VCZ8QKJ,,DR9oGRlKEo0fzU,,netbanking,SBIN,,,,
pay_DRAFFpIuF0KVJz,payment,0.00,1500.00,1500.00,INR,30.00,0.00,0,0,"07-10-2019 16:59:50","11-10-2019 10:00:00",,#inv_DRA9036QeIQRF3,{},DRAFFpIuF0KVJz,,DRA905QhpCrTTq,,card,SBIN,Visa,SBIN,credit,
pay_DRAHKjOEwrLwf9,payment,0.00,1500.00,1500.00,INR,35.40,5.40,0,0,"07-10-2019 17:01:48","11-10-2019 10:00:00",,#inv_DQnJraEdRRoGzI,{},DRAHKjOEwrLwf9,,DQnJramT6Thv2A,,netbanking,HDFC,,,,
pay_DRANyS5hZf1GvB,payment,0.00,1500.00,1500.00,INR,30.00,0.00,0,0,"07-10-2019 17:08:06","11-10-2019 10:00:00",,#inv_DR9yn3gLT6PDH3,{},DRANyS5hZf1GvB,,DR9yn5v6a5rnKE,,card,ICIC,Visa,ICIC,credit,
pay_DRAQeVIv63wcRw,payment,0.00,1500.00,1500.00,INR,30.00,0.00,0,0,"07-10-2019 17:10:38","11-10-2019 10:00:00",,#inv_DR7z05EwDMZsbw,{},DRAQeVIv63wcRw,,DR7z07ueVB7KaS,,card,HDFC,MasterCard,HDFC,credit,
pay_DRARRBvU0BFMXo,payment,0.00,3000.00,3000.00,INR,70.80,10.80,0,0,"07-10-2019 17:11:22","11-10-2019 10:00:00",,#inv_DRALzVWwOLWvzg,{},DRARRBvU0BFMXo,,DRALzYc2hQeVfv,,card,ICIC,MasterCard,ICIC,debit,
pay_DRAWWhkEGVU5m8,payment,0.00,3000.00,3000.00,INR,70.80,10.80,0,0,"07-10-2019 17:16:11","11-10-2019 10:00:00",,#inv_DRAVcpOGdGOAoX,{},DRAWWhkEGVU5m8,,DRAVcrjRuoV0Po,,netbanking,UTIB,,,,
pay_DRAXlP9CsnajmB,payment,0.00,4000.00,4000.00,INR,94.40,14.40,0,0,"07-10-2019 17:17:22","11-10-2019 10:00:00",,#inv_DRAWkKH25TWdkk,{},DRAXlP9CsnajmB,,DRAWkKpLrCY3Gl,,card,ICIC,Visa,ICIC,debit,
pay_DRAYYk7ouJjePm,payment,0.00,3000.00,3000.00,INR,70.80,10.80,0,0,"07-10-2019 17:18:07","11-10-2019 10:00:00",,#inv_DRATv1aA5Z6AS5,{},DRAYYk7ouJjePm,,DRATv4NKdKQ5bg,,upi,,,,,
pay_DRAtuNMnbovT77,payment,0.00,3000.00,3000.00,INR,70.80,10.80,0,0,"07-10-2019 17:38:20","11-10-2019 10:00:00",,#inv_DR9NM1gDf8424d,{},DRAtuNMnbovT77,,DR9NM4oRfZpdVG,,card,HDFC,Visa,HDFC,credit,
pay_DRB1E72236NKgp,payment,0.00,3000.00,3000.00,INR,70.80,10.80,0,0,"07-10-2019 17:45:15","11-10-2019 10:00:00",,#inv_DRAqidn1H148XV,{},DRB1E72236NKgp,,DRAqigNOsNVhIR,,card,CITI,Visa,CITI,credit,
pay_DRB7ZsprCvxW56,payment,0.00,3000.00,3000.00,INR,70.80,10.80,0,0,"07-10-2019 17:51:16","11-10-2019 10:00:00",,#inv_DRB5S9oAVQk6xS,{},DRB7ZsprCvxW56,,DRB5SBqcEt8ket,,netbanking,HDFC,,,,
pay_DRB9f0OUJhaoVr,payment,0.00,3000.00,3000.00,INR,70.80,10.80,0,0,"07-10-2019 17:53:14","11-10-2019 10:00:00",,#inv_DRAwvoi5QeAvL5,{},DRB9f0OUJhaoVr,,DRAwvrVdEcuVRj,,card,ICIC,Visa,ICIC,debit,
pay_DRB9PYULQ4FbWh,payment,0.00,3000.00,3000.00,INR,70.80,10.80,0,0,"07-10-2019 17:53:01","11-10-2019 10:00:00",,#inv_DQQpjIqM22WoVp,{},DRB9PYULQ4FbWh,,DQQpjLa5vPT6yx,,netbanking,SBIN,,,,
pay_DRBE0KNnVx8cTL,payment,0.00,1500.00,1500.00,INR,30.00,0.00,0,0,"07-10-2019 17:57:21","11-10-2019 10:00:00",,#inv_DRB5o5BJcHKTr1,{},DRBE0KNnVx8cTL,,DRB5o7gD7fE7BI,,card,HDFC,RuPay,HDFC,credit,
pay_DRBFQoJT9OEbj0,payment,0.00,3000.00,3000.00,INR,70.80,10.80,0,0,"07-10-2019 17:58:42","11-10-2019 10:00:00",,#inv_DRB3g5cdV1HHes,{},DRBFQoJT9OEbj0,,DRB3g7yiMWMfHa,,card,IOBA,RuPay,IOBA,debit,
pay_DRBHCL0518xFhc,payment,0.00,3000.00,3000.00,INR,70.80,10.80,0,0,"07-10-2019 18:00:22","11-10-2019 10:00:00",,#inv_DRB85o7lIrCxDP,{},DRBHCL0518xFhc,,DRB85q5otagNZQ,,card,RATN,MasterCard,RATN,credit,
pay_DRBeBQktCNLNpg,payment,0.00,3000.00,3000.00,INR,70.80,10.80,0,0,"07-10-2019 18:22:08","11-10-2019 10:00:00",,#inv_DRA2QaFjrPCQU0,{},DRBeBQktCNLNpg,,DRA2QcdEdM7Uqo,,card,CITI,MasterCard,CITI,debit,
pay_DRBfFJkbXOSmqE,payment,0.00,3000.00,3000.00,INR,106.20,16.20,0,0,"07-10-2019 18:23:08","11-10-2019 10:00:00",,#inv_DR9d78vHZ0kqL1,{},DRBfFJkbXOSmqE,,DR9d7BOEVg6tR4,,emi,ICIC,Visa,ICIC,credit,
pay_DRBmuTRETZWQjC,payment,0.00,3000.00,3000.00,INR,70.80,10.80,0,0,"07-10-2019 18:30:24","11-10-2019 10:00:00",,#inv_DRAMzW5PT8ScFe,{},DRBmuTRETZWQjC,,DRAMzbXBnzKKHh,,netbanking,ICIC,,,,
pay_DRBuR2I9Hky33k,payment,0.00,3000.00,3000.00,INR,70.80,10.80,0,0,"07-10-2019 18:37:31","11-10-2019 10:00:00",,#inv_DRAwiKBc0YKlw2,{},DRBuR2I9Hky33k,,DRAwiMeOWOKHsu,,card,SCBL,Visa,SCBL,credit,
pay_DRByICbQtdYgXD,payment,0.00,1500.00,1500.00,INR,30.00,0.00,0,0,"07-10-2019 18:41:10","11-10-2019 10:00:00",,#inv_DRBwvO6fqFeXLm,{},DRByICbQtdYgXD,,DRBwvP4FbFHDer,,card,HDFC,Visa,HDFC,credit,
pay_DRCLL8y7beRx4P,payment,0.00,3000.00,3000.00,INR,70.80,10.80,0,0,"07-10-2019 19:02:59","11-10-2019 10:00:00",,#inv_DRAjgMMMPOSSEK,{},DRCLL8y7beRx4P,,DRAjgP3wH26O3P,,card,UTIB,Visa,UTIB,debit,
pay_DRCO0miVJvxa4L,payment,0.00,3000.00,3000.00,INR,70.80,10.80,0,0,"07-10-2019 19:05:31","11-10-2019 10:00:00",,#inv_DRCKPwlHZi3l08,{},DRCO0miVJvxa4L,,DRCKPzKO5uCxdl,,netbanking,HDFC,,,,
pay_DRCT8bmAiOhGpl,payment,0.00,2000.00,2000.00,INR,40.00,0.00,0,0,"07-10-2019 19:10:22","11-10-2019 10:00:00",,#inv_DQnMNXxEdw8BIJ,{},DRCT8bmAiOhGpl,,DQnMNZvFuEIH9C,,card,ICIC,Visa,ICIC,credit,
pay_DRCfOxjszjWHKC,payment,0.00,1500.00,1500.00,INR,30.00,0.00,0,0,"07-10-2019 19:21:59","11-10-2019 10:00:00",,#inv_DRBN4EEmXI0MkO,{},DRCfOxjszjWHKC,,DRBN4GTBE6GoVs,,card,HDFC,MasterCard,HDFC,credit,
pay_DRCZk5Icc2jP24,payment,0.00,3000.00,3000.00,INR,70.80,10.80,0,0,"07-10-2019 19:16:37","11-10-2019 10:00:00",,#inv_DRCTBsBWRSlgfq,{},DRCZk5Icc2jP24,,DRCTBu4v89bk5Z,,card,ICIC,Visa,ICIC,debit,
pay_DRCmqGsYqLtO82,payment,0.00,3000.00,3000.00,INR,70.80,10.80,0,0,"07-10-2019 19:29:01","11-10-2019 10:00:00",,#inv_DRB0Db98JAWonq,{},DRCmqGsYqLtO82,,DRB0DdP3q0NEWY,,upi,,,,,
pay_DRClVlYnyZH8Cz,payment,0.00,3000.00,3000.00,INR,70.80,10.80,0,0,"07-10-2019 19:27:46","11-10-2019 10:00:00",,#inv_DRCh3BJ8W5qLMs,{},DRClVlYnyZH8Cz,,DRCh3DxpH4kQjj,,card,CITI,Visa,CITI,credit,
